<archive xmlns="http://rs.tdwg.org/dwc/text/" metadata="eml.xml">
  <core encoding="UTF-8" fieldsTerminatedBy="\t" linesTerminatedBy="\n" fieldsEnclosedBy="" ignoreHeaderLines="1" rowType="http://rs.tdwg.org/dwc/terms/Event">
    <files>
      <location>event.txt</location>
    </files>
    <id index="0" />
    <field index="1" term="http://rs.tdwg.org/dwc/terms/eventID"/>
    <field index="2" term="http://rs.tdwg.org/dwc/terms/parentEventID"/>
    <field index="3" term="http://rs.tdwg.org/dwc/terms/samplingProtocol"/>
    <field index="4" term="http://rs.tdwg.org/dwc/terms/sampleSizeValue"/>
    <field index="5" term="http://rs.tdwg.org/dwc/terms/sampleSizeUnit"/>
    <field index="6" term="http://rs.tdwg.org/dwc/terms/samplingEffort"/>
    <field index="7" term="http://rs.tdwg.org/dwc/terms/eventDate"/>
    <field index="8" term="http://rs.tdwg.org/dwc/terms/island"/>
    <field index="9" term="http://rs.tdwg.org/dwc/terms/country"/>
    <field index="10" term="http://rs.tdwg.org/dwc/terms/countryCode"/>
    <field index="11" term="http://rs.tdwg.org/dwc/terms/locality"/>
    <field index="12" term="http://rs.tdwg.org/dwc/terms/verbatimCoordinateSystem"/>
    <field index="13" term="http://rs.tdwg.org/dwc/terms/decimalLatitude"/>
    <field index="14" term="http://rs.tdwg.org/dwc/terms/decimalLongitude"/>
    <field index="15" term="http://rs.tdwg.org/dwc/terms/geodeticDatum"/>
  </core>
  <extension encoding="UTF-8" fieldsTerminatedBy="\t" linesTerminatedBy="\n" fieldsEnclosedBy="" ignoreHeaderLines="1" rowType="http://rs.tdwg.org/dwc/terms/MeasurementOrFact">
    <files>
      <location>measurementorfact.txt</location>
    </files>
    <coreid index="0" />
    <field index="1" term="http://rs.tdwg.org/dwc/terms/measurementType"/>
    <field index="2" term="http://rs.tdwg.org/dwc/terms/measurementValue"/>
    <field index="3" term="http://rs.tdwg.org/dwc/terms/measurementUnit"/>
  </extension>
  <extension encoding="UTF-8" fieldsTerminatedBy="\t" linesTerminatedBy="\n" fieldsEnclosedBy="" ignoreHeaderLines="1" rowType="http://rs.tdwg.org/dwc/terms/Occurrence">
    <files>
      <location>occurrence.txt</location>
    </files>
    <coreid index="0" />
    <field index="1" term="http://rs.tdwg.org/dwc/terms/basisOfRecord"/>
    <field index="2" term="http://rs.tdwg.org/dwc/terms/occurrenceID"/>
    <field index="3" term="http://rs.tdwg.org/dwc/terms/organismQuantityType"/>
    <field index="4" term="http://rs.tdwg.org/dwc/terms/eventID"/>
    <field index="5" term="http://rs.tdwg.org/dwc/terms/scientificNameID"/>
    <field index="6" term="http://rs.tdwg.org/dwc/terms/scientificName"/>
    <field index="7" term="http://rs.tdwg.org/dwc/terms/taxonRank"/>
  </extension>
</archive>
