<archive xmlns="http://rs.tdwg.org/dwc/text/" metadata="eml.xml">
  <core encoding="UTF-8" fieldsTerminatedBy="\t" linesTerminatedBy="\n" fieldsEnclosedBy="" ignoreHeaderLines="1" rowType="http://rs.tdwg.org/dwc/terms/Event">
    <files>
      <location>event.txt</location>
    </files>
    <id index="0" />
    <field index="1" term="http://rs.tdwg.org/dwc/terms/eventID"/>
    <field index="2" term="http://rs.tdwg.org/dwc/terms/samplingProtocol"/>
    <field index="3" term="http://rs.tdwg.org/dwc/terms/sampleSizeValue"/>
    <field index="4" term="http://rs.tdwg.org/dwc/terms/sampleSizeUnit"/>
    <field index="5" term="http://rs.tdwg.org/dwc/terms/samplingEffort"/>
    <field index="6" term="http://rs.tdwg.org/dwc/terms/eventDate"/>
    <field index="7" term="http://rs.tdwg.org/dwc/terms/year"/>
    <field index="8" term="http://rs.tdwg.org/dwc/terms/eventRemarks"/>
    <field index="9" term="http://rs.tdwg.org/dwc/terms/higherGeography"/>
    <field index="10" term="http://rs.tdwg.org/dwc/terms/country"/>
    <field index="11" term="http://rs.tdwg.org/dwc/terms/countryCode"/>
    <field index="12" term="http://rs.tdwg.org/dwc/terms/locality"/>
    <field index="13" term="http://rs.tdwg.org/dwc/terms/verbatimLocality"/>
    <field index="14" term="http://rs.tdwg.org/dwc/terms/minimumDepthInMeters"/>
    <field index="15" term="http://rs.tdwg.org/dwc/terms/maximumDepthInMeters"/>
    <field index="16" term="http://rs.tdwg.org/dwc/terms/decimalLatitude"/>
    <field index="17" term="http://rs.tdwg.org/dwc/terms/decimalLongitude"/>
    <field index="18" term="http://rs.tdwg.org/dwc/terms/geodeticDatum"/>
  </core>
  <extension encoding="UTF-8" fieldsTerminatedBy="\t" linesTerminatedBy="\n" fieldsEnclosedBy="" ignoreHeaderLines="1" rowType="http://rs.tdwg.org/dwc/terms/MeasurementOrFact">
    <files>
      <location>measurementorfacts.txt</location>
    </files>
    <coreid index="0" />
    <field index="1" term="http://rs.tdwg.org/dwc/terms/measurementType"/>
    <field index="2" term="http://rs.tdwg.org/dwc/terms/measurementValue"/>
    <field index="3" term="http://rs.tdwg.org/dwc/terms/measurementUnit"/>
  </extension>
  <extension encoding="UTF-8" fieldsTerminatedBy="\t" linesTerminatedBy="\n" fieldsEnclosedBy="" ignoreHeaderLines="1" rowType="http://rs.tdwg.org/dwc/terms/Occurrence">
    <files>
      <location>occurrence.txt</location>
    </files>
    <coreid index="0" />
    <field index="1" term="http://purl.org/dc/elements/1.1/language"/>
    <field index="2" term="http://purl.org/dc/terms/bibliographicCitation"/>
    <field index="3" term="http://rs.tdwg.org/dwc/terms/basisOfRecord"/>
    <field index="4" term="http://rs.tdwg.org/dwc/terms/occurrenceID"/>
    <field index="5" term="http://rs.tdwg.org/dwc/terms/recordedBy"/>
    <field index="6" term="http://rs.tdwg.org/dwc/terms/organismQuantityType"/>
    <field index="7" term="http://rs.tdwg.org/dwc/terms/occurrenceStatus"/>
    <field index="8" term="http://rs.tdwg.org/dwc/terms/eventID"/>
    <field index="9" term="http://rs.tdwg.org/dwc/terms/verbatimIdentification"/>
    <field index="10" term="http://rs.tdwg.org/dwc/terms/scientificNameID"/>
    <field index="11" term="http://rs.tdwg.org/dwc/terms/kingdom"/>
    <field index="12" term="http://rs.tdwg.org/dwc/terms/phylum"/>
    <field index="13" term="http://rs.tdwg.org/dwc/terms/class"/>
    <field index="14" term="http://rs.tdwg.org/dwc/terms/order"/>
    <field index="15" term="http://rs.tdwg.org/dwc/terms/family"/>
    <field index="16" term="http://rs.tdwg.org/dwc/terms/genus"/>
    <field index="17" term="http://rs.tdwg.org/dwc/terms/taxonRank"/>
  </extension>
</archive>
